{
  "name": "XGBoost",
  "metrics": {
    "accuracy": 0.81419624217119,
    "precision": 0.4411764705882353,
    "recall": 0.37037037037037035,
    "f1": 0.40268456375838924,
    "roc_auc": 0.7571499472672002
  },
  "feature_names": [
    "Attacker_Position",
    "Delta_LapTime",
    "Delta_TyreLife",
    "Compound_Advantage",
    "Attacker_LapTime",
    "Attacker_TyreLife"
  ]
}